<archetype-descriptor
        xsi:schemaLocation="http://maven.apache.org/plugins/maven-archetype-plugin/archetype-descriptor/1.0.0
            http://maven.apache.org/xsd/archetype-descriptor-1.0.0.xsd"
        xmlns="http://maven.apache.org/plugins/maven-archetype-plugin/archetype-descriptor/1.0.0"
        xmlns:xsi="http://www.w3.org/2001/XMLSchema-instance"
        name="customArchetype">
    <fileSets>
        <fileSet filtered="true" packaged="true">
            <directory>src/main/java</directory>
        </fileSet>
        <fileSet>
            <directory>src/test/java</directory>
        </fileSet>
        <!--for the web app (.war) to be deployed in tomcat, WEB-INF with web.xml should be present-->
        <fileSet filtered="true" encoding="UTF-8">
            <directory>src/main/webapp</directory>
            <includes>
                <include>**/*.xhtml</include>
                <include>**/*.html</include>
                <include>**/*.xml</include>
            </includes>
        </fileSet>
    </fileSets>
</archetype-descriptor>
